利用者ID,日付,利用者特徴,記録内容,食事_score,入浴_score,運動_score,排泄_score,睡眠_score,認知_意欲_score,介助負担_score,リスク_score,注意すべき変化_正解
U003,2026-04-01,食欲が日によって変動し、疲労がある日は活動量が低下する。調子が良い日はレクリエーション参加も可能。,午前はバイタル確認後、普段通りに過ごした。6割程度の摂取にとどまった。入浴介助あり。声かけにより軽い運動を実施。トイレ誘導後は見守りのみ。軽い中途覚醒あり。軽度の混乱はあるが指示理解可能。,3,3,2,4,4,3,2.79,2,
U003,2026-04-02,食欲が日によって変動し、疲労がある日は活動量が低下する。調子が良い日はレクリエーション参加も可能。,午前中は居室で過ごし、午後に活動機会を設けた。声かけしたが摂取量は少なかった。移乗と洗体に介助を要した。体操参加を拒否。トイレ誘導後は見守りのみ。夜間覚醒は2回。意欲低下あり。日常動作に介助が必要な場面が多い。夜間覚醒があり注意が必要。注意点として、食事低下、活動低下、意欲低下・混乱、介助負担大、高リスクがみられる。,2,3,1,4,3,2,4,4,食事低下 / 活動低下 / 意欲低下・混乱 / 介助負担大 / 高リスク
U003,2026-04-03,食欲が日によって変動し、疲労がある日は活動量が低下する。調子が良い日はレクリエーション参加も可能。,食後はホールで他利用者と過ごした。食事は8割程度摂取。入浴介助あり。午後のレクリエーションに参加。排泄は見守りで可能。夜間覚醒は1回。声かけに対する反応は良好。,4,3,3,4,4,4,3,1.79,
U003,2026-04-04,食欲が日によって変動し、疲労がある日は活動量が低下する。調子が良い日はレクリエーション参加も可能。,午前はやや静かに過ごし、午後に声かけを行った。朝食は完食。入浴介助あり。短時間のみレクリエーションに参加。トイレ誘導後は見守りのみ。夜間は良眠。表情明るく反応良好。,5,3,2,4,5,5,3,0.83,
U003,2026-04-05,食欲が日によって変動し、疲労がある日は活動量が低下する。調子が良い日はレクリエーション参加も可能。,日中は職員の見守り下で活動した。数口から3割程度の摂取にとどまる。本日は清拭のみ実施。疲労感があり本日の歩行訓練は中止。排泄は一部介助。夜間覚醒が3回以上あり。活動への参加は消極的。日常動作に介助が必要な場面が多い。食欲低下や水分摂取不足に注意。注意点として、食事低下、活動低下、睡眠不良、意欲低下・混乱、介助負担大、高リスクがみられる。,1,2,1,3,1.50,2,4,4,食事低下 / 活動低下 / 睡眠不良 / 意欲低下・混乱 / 介助負担大 / 高リスク
U003,2026-04-06,食欲が日によって変動し、疲労がある日は活動量が低下する。調子が良い日はレクリエーション参加も可能。,午前中に身の回りのケアを行い、午後は余暇活動を行った。食事は8割程度摂取。移乗と洗体に介助を要した。午後のレクリエーションに参加。衣服操作に一部介助を要した。一度目覚めたが再入眠できた。レクリエーションに参加。日常動作に介助が必要な場面が多い。,4,3,3,3,4,4,4,1.94,介助負担大
U003,2026-04-07,食欲が日によって変動し、疲労がある日は活動量が低下する。調子が良い日はレクリエーション参加も可能。,今日は全体に落ち着いた様子で過ごした。摂取量は普段よりやや少なめ。介助下で入浴を実施。上肢体操に参加。排泄は見守りで可能。睡眠状態は良好。レクリエーションに参加。経過は概ね安定。,3,3,3,4,5,4,2.85,1,
U003,2026-04-08,食欲が日によって変動し、疲労がある日は活動量が低下する。調子が良い日はレクリエーション参加も可能。,午前は少し疲れがみられたが、午後に状態を確認した。声かけしたが摂取量は少なかった。移乗と洗体に介助を要した。活動への参加はみられなかった。声かけと見守りで排泄できた。夜間覚醒は2回。表情はやや硬い。複数場面で介助を要した。便秘傾向と睡眠状態に注意。注意点として、食事低下、活動低下、意欲低下・混乱、介助負担大、高リスクがみられる。,2,3,1,4,3,2,4,4,食事低下 / 活動低下 / 意欲低下・混乱 / 介助負担大 / 高リスク
U003,2026-04-09,食欲が日によって変動し、疲労がある日は活動量が低下する。調子が良い日はレクリエーション参加も可能。,昼食後にホールで過ごし、必要に応じて声かけを行った。摂取量は概ね良好。入浴介助あり。午後のレクリエーションに参加。排泄は見守りで可能。夜間覚醒は1回。表情は穏やか。,4,3,3,4,4,4,3,1.79,
U003,2026-04-10,食欲が日によって変動し、疲労がある日は活動量が低下する。調子が良い日はレクリエーション参加も可能。,午後はレクリエーションまたは軽い運動の機会を設けた。主食・副食ともに残さず摂取。移乗と洗体に介助を要した。散歩は5分程度で終了。声かけと見守りで排泄できた。睡眠状態は良好。日中は落ち着いて過ごした。,5,3,2,4,5,4,3,1.06,
U003,2026-04-11,食欲が日によって変動し、疲労がある日は活動量が低下する。調子が良い日はレクリエーション参加も可能。,日中は本人の希望を確認しながらケアを進めた。主食は半量程度、副食は少し残した。入浴介助あり。声かけにより軽い運動を実施。排泄は一部介助。夜間覚醒は2回。促しにより短時間参加できた。複数場面で介助を要した。経過観察が必要。,3,3,2,3,3,3,4,3,介助負担大
U003,2026-04-12,食欲が日によって変動し、疲労がある日は活動量が低下する。調子が良い日はレクリエーション参加も可能。,夕方まで大きな変化なく過ごした。少し残したが大部分は摂取。移乗と洗体に介助を要した。散歩は5分程度で終了。声かけと見守りで排泄できた。軽い中途覚醒あり。日中は落ち着いて過ごした。,4,3,2,4,4,4,3,1.71,
U003,2026-04-13,食欲が日によって変動し、疲労がある日は活動量が低下する。調子が良い日はレクリエーション参加も可能。,午前の活動後は休息を取りながら過ごした。主食・副食ともにほぼ食べられていた。移乗と洗体に介助を要した。歩行訓練15分を行った。排泄は見守りで可能。夜間覚醒なく休めていた。声かけに対する反応は良好。,4,3,4,4,5,4,3,1.34,
U003,2026-04-14,食欲が日によって変動し、疲労がある日は活動量が低下する。調子が良い日はレクリエーション参加も可能。,2週間の経過確認として、普段の傾向と変化を観察した。食事は8割程度摂取。介助下で入浴を実施。短時間の体操は問題なく実施。声かけと見守りで排泄できた。一度目覚めたが再入眠できた。声かけに対する反応は良好。,4,3,3,4,4,4,3,1.79,
U005,2026-04-01,活動性が高く、体操や散歩への参加が安定している。食事、排泄、睡眠も比較的良好。,午前はバイタル確認後、普段通りに過ごした。主食・副食ともに残さず摂取。入浴は自立して実施。集団体操に最後まで参加。トイレ動作は自立。睡眠状態は良好。他者との交流もみられた。見守り不要で実施できた。状態は安定。,5,5,5,5,5,5,0,0,
U005,2026-04-02,活動性が高く、体操や散歩への参加が安定している。食事、排泄、睡眠も比較的良好。,午前中は居室で過ごし、午後に活動機会を設けた。朝食は完食。洗体時のみ介助を要した。散歩15分実施。排泄は介助なく実施。睡眠状態は良好。他者との交流もみられた。,5,4,4,5,5,5,1.49,0.37,
U005,2026-04-03,活動性が高く、体操や散歩への参加が安定している。食事、排泄、睡眠も比較的良好。,食後はホールで他利用者と過ごした。昼食は全量摂取。浴室内の動作は自立していた。歩行訓練20分実施。トイレ動作は自立。夜間は良眠。会話は活発。,5,5,5,5,5,5,0.26,0,
U005,2026-04-04,活動性が高く、体操や散歩への参加が安定している。食事、排泄、睡眠も比較的良好。,午前はやや静かに過ごし、午後に声かけを行った。主食・副食ともにほぼ食べられていた。入浴は自立して実施。歩行訓練20分実施。排泄は介助なく実施。夜間は良眠。他者との交流もみられた。,4,5,5,5,5,5,0.02,0.11,
U005,2026-04-05,活動性が高く、体操や散歩への参加が安定している。食事、排泄、睡眠も比較的良好。,日中は職員の見守り下で活動した。昼食は全量摂取。洗体時のみ介助を要した。歩行訓練15分を行った。排泄は自立。夜間は良眠。他者との交流もみられた。,5,4,4,5,5,5,1.49,0.37,
U005,2026-04-06,活動性が高く、体操や散歩への参加が安定している。食事、排泄、睡眠も比較的良好。,午前中に身の回りのケアを行い、午後は余暇活動を行った。少し残したが大部分は摂取。入浴は自立して実施。午前の体操と午後の散歩に参加。排泄は自立。夜間覚醒なく休めていた。日中は落ち着いて過ごした。,4,5,5,5,5,4,0.02,0.34,
U005,2026-04-07,活動性が高く、体操や散歩への参加が安定している。食事、排泄、睡眠も比較的良好。,今日は全体に落ち着いた様子で過ごした。朝食は完食。入浴は自立して実施。散歩15分実施。排泄は自立。睡眠状態は良好。意欲的に参加。見守り不要で実施できた。特記事項なし。,5,5,4,5,5,5,0,0,
U005,2026-04-08,活動性が高く、体操や散歩への参加が安定している。食事、排泄、睡眠も比較的良好。,午前は少し疲れがみられたが、午後に状態を確認した。主食・副食ともに残さず摂取。声かけのみで入浴できた。午前の体操と午後の散歩に参加。排泄は自立。夜間は良眠。意欲的に参加。,5,5,5,5,5,5,0.26,0,
U005,2026-04-09,活動性が高く、体操や散歩への参加が安定している。食事、排泄、睡眠も比較的良好。,昼食後にホールで過ごし、必要に応じて声かけを行った。摂取量は概ね良好。見守りと一部介助で入浴を終えた。散歩15分実施。トイレ動作は自立。睡眠状態は良好。表情明るく反応良好。,4,4,4,5,5,5,1.25,0.49,
U005,2026-04-10,活動性が高く、体操や散歩への参加が安定している。食事、排泄、睡眠も比較的良好。,午後はレクリエーションまたは軽い運動の機会を設けた。食事は十分量を摂取できている。入浴は自立して実施。午前の体操と午後の散歩に参加。排泄は介助なく実施。夜間覚醒なく休めていた。他者との交流もみられた。,5,5,5,5,5,5,0.26,0,
U005,2026-04-11,活動性が高く、体操や散歩への参加が安定している。食事、排泄、睡眠も比較的良好。,日中は本人の希望を確認しながらケアを進めた。少し残したが大部分は摂取。浴室内の動作は自立していた。体操に概ね参加できた。排泄は介助なく実施。軽い中途覚醒あり。レクリエーションに参加。,4,5,4,5,4,4,0,0.79,
U005,2026-04-12,活動性が高く、体操や散歩への参加が安定している。食事、排泄、睡眠も比較的良好。,夕方まで大きな変化なく過ごした。昼食は全量摂取。入浴は自立して実施。歩行訓練20分実施。トイレ動作は自立。睡眠状態は良好。意欲的に参加。,5,5,5,5,5,5,0.26,0,
U005,2026-04-13,活動性が高く、体操や散歩への参加が安定している。食事、排泄、睡眠も比較的良好。,午前の活動後は休息を取りながら過ごした。食事は十分量を摂取できている。入浴は自立して実施。歩行訓練15分を行った。排泄は自立。夜間覚醒なく休めていた。他者との交流もみられた。,5,5,4,5,5,5,0.23,0,
U005,2026-04-14,活動性が高く、体操や散歩への参加が安定している。食事、排泄、睡眠も比較的良好。,2週間の経過確認として、普段の傾向と変化を観察した。食事は十分量を摂取できている。入浴は自立して実施。体操に概ね参加できた。排泄は介助なく実施。夜間は良眠。会話は活発。介助負担は少ない。特記事項なし。,5,5,4,5,5,5,0,0,
U006,2026-04-01,食事は概ね保たれているが、服薬確認や見当識の確認が必要。軽度の混乱がみられる日がある。,午前はバイタル確認後、普段通りに過ごした。主食・副食ともにほぼ食べられていた。入浴介助あり。声かけにより軽い運動を実施。トイレ誘導後は見守りのみ。一度目覚めたが再入眠できた。促しにより短時間参加できた。,4,3,2,4,4,3,3,1.95,
U006,2026-04-02,食事は概ね保たれているが、服薬確認や見当識の確認が必要。軽度の混乱がみられる日がある。,午前中は居室で過ごし、午後に活動機会を設けた。食事は半分程度摂取。移乗と洗体に介助を要した。短時間のみレクリエーションに参加。声かけと見守りで排泄できた。夜間に複数回目覚めた。声かけで参加。入浴または排泄で介助が必要。経過観察が必要。,3,3,2,4,3,3,4,3,介助負担大
U006,2026-04-03,食事は概ね保たれているが、服薬確認や見当識の確認が必要。軽度の混乱がみられる日がある。,食後はホールで他利用者と過ごした。少し残したが大部分は摂取。移乗と洗体に介助を要した。短時間のみレクリエーションに参加。排泄は見守りで可能。夜間覚醒なく休めていた。レクリエーションに参加。,4,3,2,4,5,4,3,1.19,
U006,2026-04-04,食事は概ね保たれているが、服薬確認や見当識の確認が必要。軽度の混乱がみられる日がある。,午前はやや静かに過ごし、午後に声かけを行った。摂取量は普段よりやや少なめ。本日は清拭のみ実施。体操参加を拒否。声かけと見守りで排泄できた。夜間に複数回目覚めた。活動への参加は消極的。混乱があり介助困難。ふらつきがあり転倒に注意。注意点として、活動低下、意欲低下・混乱、介助負担大、高リスクがみられる。,3,2,1,4,3,2,5,4.50,活動低下 / 意欲低下・混乱 / 介助負担大 / 高リスク
U006,2026-04-05,食事は概ね保たれているが、服薬確認や見当識の確認が必要。軽度の混乱がみられる日がある。,日中は職員の見守り下で活動した。少し残したが大部分は摂取。介助下で入浴を実施。上肢体操に参加。トイレ誘導後は見守りのみ。夜間覚醒は1回。見守り下で活動に加われた。,4,3,3,4,4,3,3,2,
U006,2026-04-06,食事は概ね保たれているが、服薬確認や見当識の確認が必要。軽度の混乱がみられる日がある。,午前中に身の回りのケアを行い、午後は余暇活動を行った。食事は十分量を摂取できている。介助下で入浴を実施。散歩は5分程度で終了。声かけと見守りで排泄できた。夜間覚醒は1回。声かけで参加。,5,3,2,4,4,3,3,1.82,
U006,2026-04-07,食事は概ね保たれているが、服薬確認や見当識の確認が必要。軽度の混乱がみられる日がある。,今日は全体に落ち着いた様子で過ごした。食事は半分程度摂取。介助下で入浴を実施。上肢体操に参加。トイレ誘導後は見守りのみ。夜間は良眠。軽度の混乱はあるが指示理解可能。,3,3,3,4,5,3,2.85,1.62,
U006,2026-04-08,食事は概ね保たれているが、服薬確認や見当識の確認が必要。軽度の混乱がみられる日がある。,午前は少し疲れがみられたが、午後に状態を確認した。食欲低下あり。入浴は行わず清拭で対応。疲労感があり本日の歩行訓練は中止。衣服操作に一部介助を要した。夜間に複数回目覚めた。会話は少なめ。入浴または排泄で介助が必要。夜間覚醒があり注意が必要。注意点として、食事低下、活動低下、意欲低下・混乱、介助負担大、高リスクがみられる。,2,2,1,3,3,2,4,4,食事低下 / 活動低下 / 意欲低下・混乱 / 介助負担大 / 高リスク
U006,2026-04-09,食事は概ね保たれているが、服薬確認や見当識の確認が必要。軽度の混乱がみられる日がある。,昼食後にホールで過ごし、必要に応じて声かけを行った。食事は8割程度摂取。介助下で入浴を実施。車椅子でホールまで移動し活動を見学。声かけと見守りで排泄できた。夜間覚醒なく休めていた。レクリエーションに参加。,4,3,1.50,4,5,4,3,1.15,
U006,2026-04-10,食事は概ね保たれているが、服薬確認や見当識の確認が必要。軽度の混乱がみられる日がある。,午後はレクリエーションまたは軽い運動の機会を設けた。少し残したが大部分は摂取。移乗と洗体に介助を要した。短時間のみレクリエーションに参加。声かけと見守りで排泄できた。軽い中途覚醒あり。声かけで参加。傾眠や軽度の混乱に注意。,4,3,2,4,4,3,3,3,
U006,2026-04-11,食事は概ね保たれているが、服薬確認や見当識の確認が必要。軽度の混乱がみられる日がある。,日中は本人の希望を確認しながらケアを進めた。食事は半分程度摂取。入浴介助あり。活動への参加はみられなかった。排泄は見守りで可能。睡眠がやや浅い。意欲低下あり。入浴または排泄で介助が必要。食欲低下や水分摂取不足に注意。注意点として、活動低下、意欲低下・混乱、介助負担大、高リスクがみられる。,3,3,1,4,3.50,2,4,4,活動低下 / 意欲低下・混乱 / 介助負担大 / 高リスク
U006,2026-04-12,食事は概ね保たれているが、服薬確認や見当識の確認が必要。軽度の混乱がみられる日がある。,夕方まで大きな変化なく過ごした。摂取量は概ね良好。介助下で入浴を実施。声かけにより軽い運動を実施。排泄は見守りで可能。一度目覚めたが再入眠できた。レクリエーションに参加。,4,3,2,4,4,4,3,1.71,
U006,2026-04-13,食事は概ね保たれているが、服薬確認や見当識の確認が必要。軽度の混乱がみられる日がある。,午前の活動後は休息を取りながら過ごした。主食は半量程度、副食は少し残した。移乗と洗体に介助を要した。午後のレクリエーションに参加。声かけと見守りで排泄できた。夜間覚醒は1回。促しにより短時間参加できた。,3,3,3,4,4,3,2.81,2,
U006,2026-04-14,食事は概ね保たれているが、服薬確認や見当識の確認が必要。軽度の混乱がみられる日がある。,2週間の経過確認として、普段の傾向と変化を観察した。摂取量は概ね良好。介助下で入浴を実施。短時間のみレクリエーションに参加。排泄は見守りで可能。睡眠状態は良好。レクリエーションに参加。経過は概ね安定。,4,3,2,4,5,4,3,1,
U007,2026-04-01,入浴には介助が必要で、食欲低下の日が時々ある。声かけにより活動参加は可能。,午前はバイタル確認後、普段通りに過ごした。6割程度の摂取にとどまった。移乗と洗体に介助を要した。散歩は5分程度で終了。トイレ動作の一部に介助が必要。一度目覚めたが再入眠できた。促しにより短時間参加できた。入浴または排泄で介助が必要。,3,3,2,3,4,3,4,2,介助負担大
U007,2026-04-02,入浴には介助が必要で、食欲低下の日が時々ある。声かけにより活動参加は可能。,午前中は居室で過ごし、午後に活動機会を設けた。声かけしたが摂取量は少なかった。入浴は行わず清拭で対応。体操参加を拒否。トイレ動作の一部に介助が必要。夜間覚醒は2回。活動への参加は消極的。混乱があり介助困難。便秘傾向と睡眠状態に注意。注意点として、食事低下、活動低下、意欲低下・混乱、介助負担大、高リスクがみられる。,2,2,1,3,3,2,5,4,食事低下 / 活動低下 / 意欲低下・混乱 / 介助負担大 / 高リスク
U007,2026-04-03,入浴には介助が必要で、食欲低下の日が時々ある。声かけにより活動参加は可能。,食後はホールで他利用者と過ごした。摂取量は概ね良好。移乗と洗体に介助を要した。午後のレクリエーションに参加。トイレ誘導後は見守りのみ。夜間覚醒は1回。日中は落ち着いて過ごした。複数場面で介助を要した。,4,3,3,4,4,4,4,1.79,介助負担大
U007,2026-04-04,入浴には介助が必要で、食欲低下の日が時々ある。声かけにより活動参加は可能。,午前はやや静かに過ごし、午後に声かけを行った。主食・副食ともにほぼ食べられていた。移乗と洗体に介助を要した。短時間のみレクリエーションに参加。トイレ動作の一部に介助が必要。睡眠状態は良好。日中は落ち着いて過ごした。日常動作に介助が必要な場面が多い。,4,3,2,3,5,4,4,1.34,介助負担大
U007,2026-04-05,入浴には介助が必要で、食欲低下の日が時々ある。声かけにより活動参加は可能。,日中は職員の見守り下で活動した。6割程度の摂取にとどまった。移乗と洗体に介助を要した。活動への参加はみられなかった。排泄は一部介助。日中傾眠が目立つ。活動への参加は消極的。日常動作に介助が必要な場面が多い。食欲低下や水分摂取不足に注意。注意点として、活動低下、睡眠不良、意欲低下・混乱、介助負担大、高リスクがみられる。,3,3,1,3,2,2,4,4,活動低下 / 睡眠不良 / 意欲低下・混乱 / 介助負担大 / 高リスク
U007,2026-04-06,入浴には介助が必要で、食欲低下の日が時々ある。声かけにより活動参加は可能。,午前中に身の回りのケアを行い、午後は余暇活動を行った。朝食は完食。介助下で入浴を実施。声かけにより軽い運動を実施。トイレ誘導後は見守りのみ。夜間は良眠。表情は穏やか。,5,3,2,4,5,4,3,1.06,
U007,2026-04-07,入浴には介助が必要で、食欲低下の日が時々ある。声かけにより活動参加は可能。,今日は全体に落ち着いた様子で過ごした。6割程度の摂取にとどまった。移乗と洗体に介助を要した。散歩は5分程度で終了。排泄は一部介助。睡眠がやや浅い。見守り下で活動に加われた。複数場面で介助を要した。経過観察が必要。,3,3,2,3,3.50,3,4,3,介助負担大
U007,2026-04-08,入浴には介助が必要で、食欲低下の日が時々ある。声かけにより活動参加は可能。,午前は少し疲れがみられたが、午後に状態を確認した。少し残したが大部分は摂取。移乗と洗体に介助を要した。声かけにより軽い運動を実施。トイレ動作の一部に介助が必要。軽い中途覚醒あり。見守り下で活動に加われた。複数場面で介助を要した。,4,3,2,3,4,3,4,2,介助負担大
U007,2026-04-09,入浴には介助が必要で、食欲低下の日が時々ある。声かけにより活動参加は可能。,昼食後にホールで過ごし、必要に応じて声かけを行った。食事は少量のみ。声かけを行ったが入浴には至らなかった。疲労感があり本日の歩行訓練は中止。排泄は一部介助。夜間覚醒は2回。会話は少なめ。ふらつきがあり常時見守りを要した。強い拒否がみられ重点的な対応が必要。注意点として、食事低下、入浴拒否・困難、活動低下、意欲低下・混乱、介助負担大、高リスクがみられる。,2,1,1,3,3,2,5,5,食事低下 / 入浴拒否・困難 / 活動低下 / 意欲低下・混乱 / 介助負担大 / 高リスク
U007,2026-04-10,入浴には介助が必要で、食欲低下の日が時々ある。声かけにより活動参加は可能。,午後はレクリエーションまたは軽い運動の機会を設けた。主食・副食ともにほぼ食べられていた。介助下で入浴を実施。上肢体操に参加。トイレ誘導後は見守りのみ。睡眠状態は良好。表情は穏やか。日常動作に介助が必要な場面が多い。,4,3,3,4,5,4,4,1.27,介助負担大
U007,2026-04-11,入浴には介助が必要で、食欲低下の日が時々ある。声かけにより活動参加は可能。,日中は本人の希望を確認しながらケアを進めた。食事は十分量を摂取できている。入浴介助あり。車椅子でホールまで移動し活動を見学。排泄は見守りで可能。軽い中途覚醒あり。表情は穏やか。,5,3,1.50,4,4,4,3,1.55,
U007,2026-04-12,入浴には介助が必要で、食欲低下の日が時々ある。声かけにより活動参加は可能。,夕方まで大きな変化なく過ごした。摂取量は普段よりやや少なめ。入浴介助あり。活動への参加はみられなかった。衣服操作に一部介助を要した。睡眠がやや浅い。活動への参加は消極的。複数場面で介助を要した。食欲低下や水分摂取不足に注意。注意点として、活動低下、意欲低下・混乱、介助負担大、高リスクがみられる。,3,3,1,3,3.50,2,4,4,活動低下 / 意欲低下・混乱 / 介助負担大 / 高リスク
U007,2026-04-13,入浴には介助が必要で、食欲低下の日が時々ある。声かけにより活動参加は可能。,午前の活動後は休息を取りながら過ごした。食事は8割程度摂取。移乗と洗体に介助を要した。歩行訓練10分実施。トイレ動作の一部に介助が必要。軽い中途覚醒あり。日中は落ち着いて過ごした。入浴または排泄で介助が必要。,4,3,3,3,4,4,4,1.94,介助負担大
U007,2026-04-14,入浴には介助が必要で、食欲低下の日が時々ある。声かけにより活動参加は可能。,2週間の経過確認として、普段の傾向と変化を観察した。主食・副食ともにほぼ食べられていた。介助下で入浴を実施。声かけにより軽い運動を実施。トイレ誘導後は見守りのみ。夜間覚醒なく休めていた。声かけに対する反応は良好。経過は概ね安定。,4,3,2,4,5,4,3,1,
U008,2026-04-01,車椅子移動が中心だが、上肢体操やレクリエーション参加は可能。排泄介助を要する。,午前はバイタル確認後、普段通りに過ごした。摂取量は概ね良好。介助下で入浴を実施。上肢体操に参加。排泄介助あり。睡眠状態は良好。レクリエーションに参加。入浴または排泄で介助が必要。経過は概ね安定。,4,3,3,2,5,4,4,1,介助負担大
U008,2026-04-02,車椅子移動が中心だが、上肢体操やレクリエーション参加は可能。排泄介助を要する。,午前中は居室で過ごし、午後に活動機会を設けた。昼食は全量摂取。入浴介助あり。声かけにより軽い運動を実施。トイレ移乗に介助を要した。夜間覚醒は1回。日中は落ち着いて過ごした。日常動作に介助が必要な場面が多い。,5,3,2,2,4,4,4,1.89,介助負担大
U008,2026-04-03,車椅子移動が中心だが、上肢体操やレクリエーション参加は可能。排泄介助を要する。,食後はホールで他利用者と過ごした。食事は8割程度摂取。入浴介助あり。散歩は5分程度で終了。排泄動作は介助下で実施。夜間は良眠。レクリエーションに参加。入浴または排泄で介助が必要。,4,3,2,2,5,4,4,1.49,介助負担大
U008,2026-04-04,車椅子移動が中心だが、上肢体操やレクリエーション参加は可能。排泄介助を要する。,午前はやや静かに過ごし、午後に声かけを行った。摂取量は普段よりやや少なめ。入浴介助あり。短時間のみレクリエーションに参加。排泄動作は介助下で実施。夜間覚醒は1回。声かけで参加。入浴または排泄で介助が必要。夜間覚醒後の様子を確認。,3,3,2,2,4,3,4,3,介助負担大
U008,2026-04-05,車椅子移動が中心だが、上肢体操やレクリエーション参加は可能。排泄介助を要する。,日中は職員の見守り下で活動した。6割程度の摂取にとどまった。体調を考慮し部分清拭とした。疲労感があり本日の歩行訓練は中止。排泄動作は介助下で実施。日中傾眠が目立つ。会話は少なめ。混乱があり介助困難。夜間覚醒があり注意が必要。注意点として、活動低下、睡眠不良、意欲低下・混乱、介助負担大、高リスクがみられる。,3,2,1,2,2,2,5,4,活動低下 / 睡眠不良 / 意欲低下・混乱 / 介助負担大 / 高リスク
U008,2026-04-06,車椅子移動が中心だが、上肢体操やレクリエーション参加は可能。排泄介助を要する。,午前中に身の回りのケアを行い、午後は余暇活動を行った。主食・副食ともにほぼ食べられていた。移乗と洗体に介助を要した。体操に概ね参加できた。トイレ移乗に介助を要した。夜間は良眠。レクリエーションに参加。入浴または排泄で介助が必要。,4,3,4,2,5,4,4,1.65,介助負担大
U008,2026-04-07,車椅子移動が中心だが、上肢体操やレクリエーション参加は可能。排泄介助を要する。,今日は全体に落ち着いた様子で過ごした。食事は十分量を摂取できている。介助下で入浴を実施。短時間のみレクリエーションに参加。排泄動作は介助下で実施。夜間覚醒なく休めていた。表情は穏やか。入浴または排泄で介助が必要。経過は概ね安定。,5,3,2,2,5,4,4,1,介助負担大
U008,2026-04-08,車椅子移動が中心だが、上肢体操やレクリエーション参加は可能。排泄介助を要する。,午前は少し疲れがみられたが、午後に状態を確認した。食欲低下あり。体調を考慮し部分清拭とした。体操参加を拒否。排泄介助あり。夜間覚醒は2回。活動への参加は消極的。ふらつきがあり常時見守りを要した。食欲低下や水分摂取不足に注意。注意点として、食事低下、活動低下、意欲低下・混乱、介助負担大、高リスクがみられる。,2,2,1,2,3,2,5,4,食事低下 / 活動低下 / 意欲低下・混乱 / 介助負担大 / 高リスク
U008,2026-04-09,車椅子移動が中心だが、上肢体操やレクリエーション参加は可能。排泄介助を要する。,昼食後にホールで過ごし、必要に応じて声かけを行った。少し残したが大部分は摂取。移乗と洗体に介助を要した。散歩は5分程度で終了。トイレ移乗に介助を要した。一度目覚めたが再入眠できた。レクリエーションに参加。入浴または排泄で介助が必要。,4,3,2,2,4,4,4,2,介助負担大
U008,2026-04-10,車椅子移動が中心だが、上肢体操やレクリエーション参加は可能。排泄介助を要する。,午後はレクリエーションまたは軽い運動の機会を設けた。主食・副食ともにほぼ食べられていた。介助下で入浴を実施。短時間の体操は問題なく実施。排泄動作は介助下で実施。睡眠がやや浅い。声かけで参加。日常動作に介助が必要な場面が多い。夜間覚醒後の様子を確認。,4,3,3,2,3.50,3,4,3,介助負担大
U008,2026-04-11,車椅子移動が中心だが、上肢体操やレクリエーション参加は可能。排泄介助を要する。,日中は本人の希望を確認しながらケアを進めた。主食は半量程度、副食は少し残した。介助下で入浴を実施。声かけにより軽い運動を実施。排泄動作は介助下で実施。軽い中途覚醒あり。レクリエーションに参加。日常動作に介助が必要な場面が多い。,3,3,2,2,4,4,4,2,介助負担大
U008,2026-04-12,車椅子移動が中心だが、上肢体操やレクリエーション参加は可能。排泄介助を要する。,夕方まで大きな変化なく過ごした。主食・副食ともに残さず摂取。介助下で入浴を実施。車椅子でホールまで移動し活動を見学。排泄介助あり。夜間は良眠。声かけに対する反応は良好。複数場面で介助を要した。,5,3,1.50,2,5,4,4,1.33,介助負担大
U008,2026-04-13,車椅子移動が中心だが、上肢体操やレクリエーション参加は可能。排泄介助を要する。,午前の活動後は休息を取りながら過ごした。主食・副食ともにほぼ食べられていた。移乗と洗体に介助を要した。運動は実施せず。排泄動作は介助下で実施。夜間覚醒は1回。軽度の混乱はあるが指示理解可能。複数場面で介助を要した。,4,3,1,2,4,3,4,2,活動低下 / 介助負担大
U008,2026-04-14,車椅子移動が中心だが、上肢体操やレクリエーション参加は可能。排泄介助を要する。,2週間の経過確認として、普段の傾向と変化を観察した。少し残したが大部分は摂取。移乗と洗体に介助を要した。歩行訓練10分実施。トイレ移乗に介助を要した。睡眠状態は良好。レクリエーションに参加。複数場面で介助を要した。経過は概ね安定。,4,3,3,2,5,4,4,1,介助負担大
U009,2026-04-01,生活状態は安定しているが、水分摂取不足と便秘傾向に注意が必要。排泄は自立している。,午前はバイタル確認後、普段通りに過ごした。少し残したが大部分は摂取。洗体時のみ介助を要した。上肢体操に参加。排泄は介助なく実施。睡眠状態は良好。日中は落ち着いて過ごした。必要時の声かけ程度で過ごせた。,4,4,3,5,5,4,1,0.65,
U009,2026-04-02,生活状態は安定しているが、水分摂取不足と便秘傾向に注意が必要。排泄は自立している。,午前中は居室で過ごし、午後に活動機会を設けた。昼食は全量摂取。見守りと一部介助で入浴を終えた。歩行訓練10分実施。排泄は介助なく実施。夜間覚醒なく休めていた。レクリエーションに参加。食欲低下や水分摂取不足に注意。注意点として、高リスクがみられる。,5,4,3,5,5,4,1.47,4,高リスク
U009,2026-04-03,生活状態は安定しているが、水分摂取不足と便秘傾向に注意が必要。排泄は自立している。,食後はホールで他利用者と過ごした。食事は8割程度摂取。一部介助で入浴実施。歩行訓練10分実施。トイレ動作は自立。睡眠状態は良好。声かけに対する反応は良好。,4,4,3,5,5,4,1.22,0.65,
U009,2026-04-04,生活状態は安定しているが、水分摂取不足と便秘傾向に注意が必要。排泄は自立している。,午前はやや静かに過ごし、午後に声かけを行った。摂取量は概ね良好。見守りと一部介助で入浴を終えた。車椅子でホールまで移動し活動を見学。排泄は自立。夜間は良眠。表情は穏やか。,4,4,1.50,5,5,4,1.18,0.53,
U009,2026-04-05,生活状態は安定しているが、水分摂取不足と便秘傾向に注意が必要。排泄は自立している。,日中は職員の見守り下で活動した。食事は8割程度摂取。一部介助で入浴実施。午後のレクリエーションに参加。トイレ動作は自立。一度目覚めたが再入眠できた。声かけに対する反応は良好。夜間覚醒があり注意が必要。注意点として、高リスクがみられる。,4,4,3,5,4,4,1.18,4,高リスク
U009,2026-04-06,生活状態は安定しているが、水分摂取不足と便秘傾向に注意が必要。排泄は自立している。,午前中に身の回りのケアを行い、午後は余暇活動を行った。朝食は完食。見守りと一部介助で入浴を終えた。散歩は5分程度で終了。排泄は自立。睡眠状態は良好。他者との交流もみられた。,5,4,2,5,5,5,1.44,0.21,
U009,2026-04-07,生活状態は安定しているが、水分摂取不足と便秘傾向に注意が必要。排泄は自立している。,今日は全体に落ち着いた様子で過ごした。少し残したが大部分は摂取。洗体時のみ介助を要した。上肢体操に参加。トイレ動作は自立。夜間覚醒なく休めていた。表情は穏やか。軽い確認のみで対応可能。経過は概ね安定。,4,4,3,5,5,4,1,1,
U009,2026-04-08,生活状態は安定しているが、水分摂取不足と便秘傾向に注意が必要。排泄は自立している。,午前は少し疲れがみられたが、午後に状態を確認した。6割程度の摂取にとどまった。一部介助で入浴実施。散歩は5分程度で終了。排泄は自立。一度目覚めたが再入眠できた。声かけで参加。夜間覚醒があり注意が必要。注意点として、高リスクがみられる。,3,4,2,5,4,3,0.91,4,高リスク
U009,2026-04-09,生活状態は安定しているが、水分摂取不足と便秘傾向に注意が必要。排泄は自立している。,昼食後にホールで過ごし、必要に応じて声かけを行った。朝食は完食。一部介助で入浴実施。歩行訓練10分実施。トイレ動作は自立。軽い中途覚醒あり。レクリエーションに参加。,5,4,3,5,4,4,1.43,1.05,
U009,2026-04-10,生活状態は安定しているが、水分摂取不足と便秘傾向に注意が必要。排泄は自立している。,午後はレクリエーションまたは軽い運動の機会を設けた。少し残したが大部分は摂取。一部介助で入浴実施。上肢体操に参加。排泄は自立。夜間は良眠。会話は活発。,4,4,3,5,5,5,1.22,0.42,
U009,2026-04-11,生活状態は安定しているが、水分摂取不足と便秘傾向に注意が必要。排泄は自立している。,日中は本人の希望を確認しながらケアを進めた。食事は8割程度摂取。一部介助で入浴実施。車椅子でホールまで移動し活動を見学。トイレ動作は自立。夜間は良眠。レクリエーションに参加。,4,4,1.50,5,5,4,1.18,0.53,
U009,2026-04-12,生活状態は安定しているが、水分摂取不足と便秘傾向に注意が必要。排泄は自立している。,夕方まで大きな変化なく過ごした。食事は十分量を摂取できている。見守りと一部介助で入浴を終えた。歩行訓練15分を行った。トイレ動作は自立。睡眠状態は良好。会話は活発。,5,4,4,5,5,5,1.49,0.37,
U009,2026-04-13,生活状態は安定しているが、水分摂取不足と便秘傾向に注意が必要。排泄は自立している。,午前の活動後は休息を取りながら過ごした。食事は8割程度摂取。洗体時のみ介助を要した。歩行訓練10分実施。排泄は介助なく実施。夜間覚醒なく休めていた。声かけに対する反応は良好。,4,4,3,5,5,4,1.22,0.65,
U009,2026-04-14,生活状態は安定しているが、水分摂取不足と便秘傾向に注意が必要。排泄は自立している。,2週間の経過確認として、普段の傾向と変化を観察した。食事は8割程度摂取。一部介助で入浴実施。散歩は5分程度で終了。トイレ動作は自立。睡眠状態は良好。レクリエーションに参加。必要時の声かけ程度で過ごせた。,4,4,2,5,5,4,1,0.57,
U010,2026-04-01,意欲低下が時々あるが、声かけにより活動参加できる。食事量と活動量に日差がある。,午前はバイタル確認後、普段通りに過ごした。6割程度の摂取にとどまった。移乗と洗体に介助を要した。疲労感があり本日の歩行訓練は中止。トイレ誘導後は見守りのみ。夜間覚醒は1回。活動への参加は消極的。夜間覚醒後の様子を確認。,3,3,1,4,4,2,2.77,3,活動低下 / 意欲低下・混乱
U010,2026-04-02,意欲低下が時々あるが、声かけにより活動参加できる。食事量と活動量に日差がある。,午前中は居室で過ごし、午後に活動機会を設けた。主食・副食ともにほぼ食べられていた。移乗と洗体に介助を要した。声かけにより軽い運動を実施。トイレ誘導後は見守りのみ。夜間覚醒は2回。見守り下で活動に加われた。,4,3,2,4,3,3,2.99,2,
U010,2026-04-03,意欲低下が時々あるが、声かけにより活動参加できる。食事量と活動量に日差がある。,食後はホールで他利用者と過ごした。摂取量は普段よりやや少なめ。介助下で入浴を実施。車椅子でホールまで移動し活動を見学。声かけと見守りで排泄できた。軽い中途覚醒あり。活動への参加は消極的。複数場面で介助を要した。,3,3,1.50,4,4,2,4,2,意欲低下・混乱 / 介助負担大
U010,2026-04-04,意欲低下が時々あるが、声かけにより活動参加できる。食事量と活動量に日差がある。,午前はやや静かに過ごし、午後に声かけを行った。食事は少量のみ。入浴は行わず清拭で対応。体操参加を拒否。声かけと見守りで排泄できた。睡眠がやや浅い。活動への参加は消極的。複数場面で介助を要した。夜間覚醒があり注意が必要。注意点として、食事低下、活動低下、意欲低下・混乱、介助負担大、高リスクがみられる。,2,2,1,4,3.50,2,4,4,食事低下 / 活動低下 / 意欲低下・混乱 / 介助負担大 / 高リスク
U010,2026-04-05,意欲低下が時々あるが、声かけにより活動参加できる。食事量と活動量に日差がある。,日中は職員の見守り下で活動した。朝食は完食。介助下で入浴を実施。声かけにより軽い運動を実施。トイレ誘導後は見守りのみ。夜間覚醒なく休めていた。声かけに対する反応は良好。,5,3,2,4,5,4,3,1.06,
U010,2026-04-06,意欲低下が時々あるが、声かけにより活動参加できる。食事量と活動量に日差がある。,午前中に身の回りのケアを行い、午後は余暇活動を行った。食事は半分程度摂取。入浴介助あり。運動は実施せず。排泄は見守りで可能。夜間の眠りが浅く日中の眠気が強い。表情はやや硬い。夜間覚醒後の様子を確認。,3,3,1,4,2,2,2.69,3,活動低下 / 睡眠不良 / 意欲低下・混乱
U010,2026-04-07,意欲低下が時々あるが、声かけにより活動参加できる。食事量と活動量に日差がある。,今日は全体に落ち着いた様子で過ごした。食事は8割程度摂取。移乗と洗体に介助を要した。車椅子でホールまで移動し活動を見学。トイレ誘導後は見守りのみ。夜間覚醒は1回。見守り下で活動に加われた。,4,3,1.50,4,4,3,3,1.91,
U010,2026-04-08,意欲低下が時々あるが、声かけにより活動参加できる。食事量と活動量に日差がある。,午前は少し疲れがみられたが、午後に状態を確認した。摂取量は概ね良好。移乗と洗体に介助を要した。短時間の体操は問題なく実施。声かけと見守りで排泄できた。夜間覚醒なく休めていた。表情は穏やか。,4,3,3,4,5,4,3,1.27,
U010,2026-04-09,意欲低下が時々あるが、声かけにより活動参加できる。食事量と活動量に日差がある。,昼食後にホールで過ごし、必要に応じて声かけを行った。6割程度の摂取にとどまった。入浴は行わず清拭で対応。活動への参加はみられなかった。排泄は見守りで可能。夜間覚醒は2回。活動への参加は消極的。入浴または排泄で介助が必要。便秘傾向と睡眠状態に注意。注意点として、活動低下、意欲低下・混乱、介助負担大、高リスクがみられる。,3,2,1,4,3,2,4,4,活動低下 / 意欲低下・混乱 / 介助負担大 / 高リスク
U010,2026-04-10,意欲低下が時々あるが、声かけにより活動参加できる。食事量と活動量に日差がある。,午後はレクリエーションまたは軽い運動の機会を設けた。少し残したが大部分は摂取。入浴介助あり。散歩は5分程度で終了。排泄は見守りで可能。軽い中途覚醒あり。見守り下で活動に加われた。,4,3,2,4,4,3,3,1.95,
U010,2026-04-11,意欲低下が時々あるが、声かけにより活動参加できる。食事量と活動量に日差がある。,日中は本人の希望を確認しながらケアを進めた。主食は半量程度、副食は少し残した。移乗と洗体に介助を要した。上肢体操に参加。声かけと見守りで排泄できた。夜間覚醒は1回。声かけに対する反応は良好。,3,3,3,4,4,4,2.81,1.92,
U010,2026-04-12,意欲低下が時々あるが、声かけにより活動参加できる。食事量と活動量に日差がある。,夕方まで大きな変化なく過ごした。主食・副食ともにほぼ食べられていた。移乗と洗体に介助を要した。活動への参加はみられなかった。排泄は見守りで可能。睡眠がやや浅い。意欲低下あり。入浴または排泄で介助が必要。夜間覚醒があり注意が必要。注意点として、活動低下、意欲低下・混乱、介助負担大、高リスクがみられる。,4,3,1,4,3.50,2,4,4,活動低下 / 意欲低下・混乱 / 介助負担大 / 高リスク
U010,2026-04-13,意欲低下が時々あるが、声かけにより活動参加できる。食事量と活動量に日差がある。,午前の活動後は休息を取りながら過ごした。主食・副食ともにほぼ食べられていた。移乗と洗体に介助を要した。車椅子でホールまで移動し活動を見学。トイレ誘導後は見守りのみ。夜間は良眠。声かけに対する反応は良好。,4,3,1.50,4,5,4,3,1.15,
U010,2026-04-14,意欲低下が時々あるが、声かけにより活動参加できる。食事量と活動量に日差がある。,2週間の経過確認として、普段の傾向と変化を観察した。主食・副食ともにほぼ食べられていた。入浴介助あり。午後のレクリエーションに参加。声かけと見守りで排泄できた。夜間覚醒なく休めていた。表情は穏やか。経過は概ね安定。,4,3,3,4,5,4,3,1,
